Game Name,Hours Played,Platforms
9 Years of Shadows,0.0,gog
A Plague Tale: Innocence,0.0,"epic, gog"
ABZU,0.0,epic
ARK: Survival Evolved,0.2,"epic, steam, xboxone"
ARK: Survival of the Fittest,0.0,steam
Age of Empires III: Definitive Edition,0.0,"steam, xboxone"
Age of Mythology: Extended Edition,12.6,steam
Agony UNRATED,0.0,gog
Alan Wake,0.6,epic
Alex Kidd in Miracle World DX,0.0,epic
Alien: Isolation,0.0,epic
Along the Edge,0.0,steam
Ambition: A Minuet in Power,0.0,gog
Amnesia: Rebirth,0.0,"epic, xboxone"
Among Us,0.0,"epic, xboxone"
Ancient Enemy,0.0,epic
Anomaly Agent,0.7,steam
Another World: 20th Anniversary Edition,0.0,gog
Arcade Paradise,0.0,"gog, xboxone"
Arcadegeddon,0.0,epic
Are You Smarter Than A 5th Grader,0.0,epic
Ashworld,0.0,gog
Astrea Six Sided Oracles,0.0,epic
Baldur's Gate II: Enhanced Edition,0.0,gog
Baldur's Gate III,136.9,steam
Baldur's Gate: Enhanced Edition,0.0,gog
Battlefield™ 2042,0.0,"steam, xboxone"
Being a DIK - Season 1,0.0,gog
Berserk Boy,0.0,gog
Beyond Blue,0.0,epic
BioShock 2 Remastered,0.0,"epic, gog, steam"
BioShock Remastered,0.0,"epic, gog, steam"
BioShock® 2,0.0,"gog, steam"
BioShock™,0.0,"gog, steam"
Bioshock Infinite: Complete Collection,0.0,"epic, gog, steam"
Black Desert,0.6,"steam, xboxone"
Black Mesa,1.6,steam
Black Squad,114.7,steam
Blackout Z: Slaughterhouse Edition,0.0,steam
Blade of Darkness,0.0,gog
Blair Witch,0.0,epic
Blazing Sails,0.0,epic
Blood Omen: Legacy of Kain,0.0,gog
Blood West,0.0,"epic, gog"
Bloodstained: Ritual of the Night,0.0,"epic, xboxone"
Bloons TD 6,0.0,epic
Borderlands 3,0.0,epic
Botany Manor,0.0,"epic, xboxone"
Boxes: Lost Fragments,0.0,epic
Bright Memory: Infinite,1.5,steam
Brothers - A Tale of Two Sons,0.0,epic
Bully: Scholarship Edition,0.0,steam
Bus Simulator 21 Next Stop,0.0,epic
Business Tour,8.2,steam
Butcher,0.0,gog
CYGNI - All Guns Blazing,0.0,epic
Call of Juarez,0.0,gog
Call of Juarez: Bound in Blood,0.0,gog
Call of Juarez: Gunslinger,0.0,gog
Captain Blood,0.0,gog
Card Shark,0.0,epic
Cassette Beasts,0.0,"epic, xboxone"
Cat Quest,0.0,epic
Cat Quest II,0.0,gog
Chasm: The Rift,0.0,gog
Chess Ultra,0.0,epic
Chessarama,0.0,epic
Chivalry 2,0.0,"epic, xboxone"
Circus Electrique,0.0,epic
Cities: Skylines,0.2,epic
Company of Heroes 2,0.4,steam
Control,0.3,"epic, xboxone"
Coromon,3.3,"epic, gog"
Costume Quest 2,0.0,"epic, xboxone"
Counter-Strike,73.0,steam
Counter-Strike: Condition Zero,0.0,steam
Counter-Strike: Condition Zero Deleted Scenes,0.0,steam
Counter-Strike: Global Offensive,2.9,steam
Crime Boss: Rockay City,0.0,epic
Crying Suns,0.0,epic
Crysis 2 Remastered,0.0,epic
Crysis 3 Remastered,0.0,epic
Crysis Remastered,0.0,epic
Cursed to Golf,0.0,"epic, gog"
Cursedland,0.0,steam
DEATHLOOP,21.6,"epic, xboxone"
DNF Duel,0.0,epic
DOOM 3,0.0,gog
DOOM 3: BFG Edition,0.0,gog
DREDGE,0.0,"epic, gog"
Dark Deity: Complete Edition,0.0,gog
Dark Lord,0.0,steam
Dark Messiah of Might and Magic,3.9,steam
Dark Sector,0.6,steam
Dark Sky,0.0,gog
Dark Sun: Shattered Lands,0.0,gog
Dark Sun: Wake of the Ravager,0.0,gog
Darkest Dungeon®,0.1,"epic, xboxone"
Darksiders,0.0,steam
Darksiders II: Deathinitive Edition,0.0,"epic, steam"
Darksiders Warmastered Edition,0.0,"epic, steam"
Dead Cells,0.0,epic
Dead Island 2,0.0,"epic, xboxone"
Dead by Daylight,0.0,"epic, xboxone"
Death Squared,0.0,gog
Death Stranding,0.0,"epic, xboxone"
Death's Door,0.0,"epic, xboxone"
Death's Gambit - Afterlife,0.0,epic
Deceive Inc,0.0,epic
Defense Grid: The Awakening,0.0,epic
Deliver At All Costs,0.0,epic
Destiny 2,0.6,"epic, steam"
Destroy All Humans! 2: Reprobed,0.0,epic
Detroit: Become Human,0.0,epic
Deus Ex - Mankind Divided,0.0,"epic, gog"
Deus Ex 2: Invisible War,0.0,gog
DiRT 3 Complete Edition,1.3,steam
DiRT Showdown,0.9,steam
Disco Elysium,0.0,epic
Dishonored - Definitive Edition,4.5,"epic, gog, xboxone"
Dishonored 2,0.0,"gog, xboxone"
Doors - Paradox,0.0,epic
Dragon's Dogma: Dark Arisen,16.2,steam
Duck Paradox,0.0,gog
Dumb Ways to Die,0.0,epic
Dungeon Siege,0.9,steam
Dungeon Siege II,9.7,steam
Dungeon Siege III,0.5,steam
Dungeon of the Endless: Apogee,0.0,epic
Dungeons 3,0.0,epic
Dying Light: Enhanced Edition,0.0,epic
EMPTY SHELL,0.0,gog
ENDER LILIES: Quietus of the Knights,0.0,epic
Eastern Exorcist,0.0,"epic, xboxone"
El Hijo,0.0,epic
Electrician Simulator,0.0,epic
Elite Dangerous,0.0,epic
Endless Legend,0.0,steam
Escape Academy,0.0,"epic, xboxone"
Eternights,0.0,epic
Euro Truck Simulator 2,0.6,steam
Europa Universalis IV,0.0,"epic, xboxone"
Evoland Legendary Edition,0.0,epic
Eximius: Seize the Frontline,0.0,epic
Eye of the Beholder,0.0,gog
Eye of the Beholder II: The Legend of Darkmoon,0.0,gog
Eye of the Beholder III: Assault on Myth Drannor,0.0,gog
F.I.S.T.: Forged In Shadow Torch,0.6,"epic, xboxone"
F1 2018,0.0,steam
FATE,0.0,gog
FPS Chess,0.1,steam
Fable Anniversary,3.2,"steam, xboxone"
Fall Guys,1.7,epic
Fallout 2: A Post Nuclear Role Playing Game,0.0,"epic, xboxone"
Fallout 3: Game of the Year Edition,0.0,"epic, gog, xboxone"
Fallout Tactics: Brotherhood of Steel,0.0,"epic, gog, xboxone"
Fallout: A Post Nuclear Role Playing Game,0.0,"epic, xboxone"
Fallout: New Vegas,1.2,"epic, gog, xboxone"
Farming Simulator 19,0.0,epic
Farming Simulator 22,0.0,"epic, xboxone"
Fashion Police Squad,0.0,epic
Felix The Reaper,0.0,epic
Fetish Locator Week One,0.0,gog
Firestone Online Idle RPG,0.0,epic
Football Manager 2020,0.0,epic
Football Manager 2024,0.0,"epic, xboxone"
For Honor,0.0,"epic, xboxone"
Fort Solis,0.0,gog
Freedom Fighters,0.0,epic
Frostpunk,0.0,"epic, xboxone"
GRAVEN,0.0,epic
GRIP,0.0,gog
Galactic Civilizations III,0.0,"epic, xboxone"
Gamedec - Definitive Edition,0.0,gog
Garden Story,0.0,"epic, xboxone"
Gas Station Simulator,0.0,epic
Genshin Impact,61.2,epic
Ghostbusters The Video Game Remastered,0.4,epic
Ghostbusters: Spirits Unleashed,0.0,epic
Ghostrunner,0.0,epic
Ghostrunner 2,0.0,epic
Ghostwire Tokyo,0.0,"epic, xboxone"
Gigapocalypse,0.0,epic
Gloomhaven,0.0,epic
Goat of Duty,0.3,steam
Godfall,0.6,epic
Gods Will Fall,0.0,epic
Golf With Your Friends,0.0,"gog, xboxone"
Grand Theft Auto V,0.1,"epic, xboxone"
Grand Theft Auto V Enhanced,0.0,epic
Graveyard Keeper,0.0,steam
Gravity Circuit,0.0,epic
Grid 2,0.6,steam
Guild Wars 2,2.7,steam
Guilty Gear Xrd: Revelator,7.7,steam
Guilty Parade,0.0,steam
Gunslugs 2,0.0,gog
Gunslugs 3: Rogue Tactics,0.0,gog
HITMAN,0.9,"epic, steam"
HITMAN 3,0.0,"epic, steam, xboxone"
HITMAN™ 2,0.0,steam
HOT WHEELS UNLEASHED™,0.3,"epic, xboxone"
Hakuoki: Edo Blossoms,0.0,steam
Hakuoki: Kyoto Winds,0.0,steam
Half-Life,0.0,steam
Half-Life 2,2.3,steam
Half-Life 2: Deathmatch,0.0,steam
Half-Life Deathmatch: Source,0.0,steam
Halo Infinite,0.5,"steam, xboxone"
Halo: The Master Chief Collection,8.7,"steam, xboxone"
Hardspace: Shipbreaker,0.0,"epic, xboxone"
Harold Halibut,0.0,"gog, xboxone"
Havendock,0.0,epic
Hell Let Loose,0.0,"epic, xboxone"
Hell Pie,0.0,gog
Hellion,0.0,steam
Hellslave,0.0,"gog, steam"
Helping the Hotties,0.0,gog
Hero's Hour,0.0,gog
Heroes & Generals WWII,0.0,epic
Heroes of Loot,0.0,gog
Heroes of Loot 2,0.0,gog
Hexguardian,0.0,epic
Hitman: Blood Money,0.5,steam
Hive Jump 2: Survivors,0.0,gog
Hogwarts Legacy,3.4,epic
Hood Outlaws and Legends,0.0,epic
Horizon Chase Turbo,0.0,epic
House Flipper,0.0,"steam, xboxone"
House Party,0.0,gog
House of Golf 2,0.0,epic
Human Resource Machine,0.0,epic
HumanKind,0.0,"epic, xboxone"
HuniePop,0.0,gog
Hunted: The Demon's Forge,0.2,steam
Hyper Echelon,0.0,epic
Hypnospace Outlaw,0.0,"gog, xboxone"
INDUSTRIA,0.0,"epic, gog"
INSIDE,0.0,"epic, xboxone"
Idle Champions of the Forgotten Realms,0.0,epic
Idle Clans,0.1,steam
Immortals of Aveum™,0.4,epic
Injustice: Gods Among Us Ultimate Edition,3.1,steam
Jade Empire: Special Edition,3.4,steam
Jennifer Wilde Unlikely Revolutionaries,0.0,epic
Jorel’s Brother and The Most Important Game of the Galaxy,0.0,epic
Jotunnslayer: Hordes of Hel,0.0,epic
Jupiter Hell,0.0,gog
Jurassic World Evolution,0.0,epic
Jurassic World Evolution 2,0.0,"epic, xboxone"
Just Cause 4,0.0,"epic, xboxone"
KeyWe,0.0,epic
Kiki,0.0,steam
Killer Instinct,0.0,"steam, xboxone"
Killing Floor 2,0.0,epic
King of the Board,1.5,steam
Kingdom Come: Deliverance,0.0,epic
Kingdom New Lands,0.0,epic
Kingdoms of Amalur Re-Reckoning,0.0,epic
Knockout City Testing,0.0,epic
LEGO® 2K Drive,0.0,"epic, xboxone"
LEGO® Star Wars™ - The Complete Saga,0.0,gog
LEGO® Star Wars™ III - The Clone Wars™,0.0,gog
LEGO® Star Wars™: The Skywalker Saga,0.0,"epic, xboxone"
Lara Croft and the Temple of Osiris,0.0,steam
Last Epoch,1.0,steam
Leap of Faith + Official Walkthrough,0.0,gog
Leap of Love,0.0,gog
Legacy of Kain: Blood Omen 2,0.0,gog
Legacy of Kain: Defiance (2003),0.2,"gog, steam"
Let's Build a Zoo,0.0,"epic, xboxone"
Liberte,0.0,epic
Limbo,0.0,"epic, xboxone"
Little One,0.0,steam
Loop Hero,0.0,"epic, xboxone"
Lost Ark,18.2,steam
Lovecraft's Untold Stories,0.0,epic
Lust Theory - Season 1,0.0,gog
Lysfanga: The Time Shift Warrior,0.0,epic
MR RACER : Premium,0.0,epic
Machinarium,0.0,epic
Mafia,0.0,steam
Mafia II (Classic),0.0,gog
Mafia II: Definitive Edition,0.0,gog
Mafia III: Definitive Edition,0.0,gog
Mafia: Definitive Edition,0.0,gog
Mahokenshi,0.0,gog
Mail Time,0.0,gog
Make Way,0.0,epic
Maneater,0.0,"epic, xboxone"
Marvel Rivals,0.0,steam
Marvel's Guardians of the Galaxy,0.0,"epic, xboxone"
Marvel's Midnight Suns,0.8,epic
Mass Effect,0.8,"steam, xboxone"
Max Payne 2: The Fall of Max Payne,0.0,steam
Meganoid,0.0,gog
Melvor Idle,0.0,epic
Metro 2033,0.0,steam
Metro Last Light Redux,0.0,"epic, gog"
Metro: 2033 Redux,0.0,"epic, steam"
Metro: Last Light,0.0,steam
Middle-earth™: Shadow of Mordor™ Game of the Year Edition,0.0,gog
Middle-earth™: Shadow of War™,2.4,"gog, xboxone"
Midnight Fight Express,0.0,"gog, xboxone"
Midnight Ghost Hunt,0.0,epic
Mighty Fight Federation,0.0,epic
Monster Train,0.0,"gog, xboxone"
Monument Valley 2,0.0,epic
Moonscars,0.0,"gog, xboxone"
Morbid: The Seven Acolytes,0.0,epic
Mordheim: City of the Damned,0.0,gog
Mortal Kombat 11,0.0,"steam, xboxone"
Mortal Shell,0.0,"epic, xboxone"
Mount & Blade II: Bannerlord,8.9,"epic, xboxone"
Mount & Blade: Warband,53.0,steam
MudRunner,0.0,epic
Mutant Year Zero: Road to Eden,0.0,epic
My Time at Portia,0.0,"epic, xboxone"
NBA 2K21,0.0,epic
Narvas,0.0,steam
Necromunda: Hired Gun,0.0,epic
Need for Speed™ Most Wanted,0.8,steam
Need for Speed™ Rivals,0.7,"steam, xboxone"
"Neko Ghost, Jump!",0.0,epic
Neverwinter,4.6,"epic, steam"
Neverwinter Nights Diamond,0.0,gog
Neverwinter Nights: Enhanced Edition,0.0,gog
New Tales from the Borderlands,0.0,epic
Night in the Woods,0.0,epic
Nightingale - Legacy Mode,0.0,epic
Nightshade,0.0,steam
Nine Realms: Dawn Touch,0.6,steam
Nioh: The Complete Edition,1.5,epic
No Straight Roads,0.0,epic
Nobody Wants to Die,0.0,epic
Oddworld: New 'n' Tasty,0.0,epic
Ogu and the Secret Forest,0.0,epic
Orcs Must Die! 3,0.0,epic
Overcooked! 2,0.9,"epic, gog, xboxone"
Ozmafia!!,0.0,steam
PAYDAY 2,0.3,"epic, steam"
POSTAL 2,0.0,gog
PREY,0.0,"epic, xboxone"
Paquerette Down the Bunburrows,0.0,epic
Paradise Killer,0.0,"epic, xboxone"
Party Club,0.0,steam
Path of Exile,0.0,epic
Pathfinder Kingmaker - Enhanced Plus Edition,0.0,epic
Pathfinder: Wrath of the Righteous,0.0,steam
Pathway,0.0,epic
Pet Lands,0.0,steam
Phoenix Dynasty 2,0.0,steam
Pillars of Eternity - Definitive Edition,0.0,"epic, xboxone"
Pine,0.0,epic
Pixel Gun 3D,0.0,epic
Pizza Connection 2,0.4,steam
Planet of Lana,0.0,"gog, xboxone"
PlateUp!,0.0,"epic, xboxone"
Potion Permit,0.0,epic
Priest Simulator: Vampire Show,0.0,epic
Prison Architect,0.0,epic
Project Winter,0.0,epic
Pumpkin Jack,0.0,gog
Quake,0.0,"epic, xboxone"
Quake 4,0.0,"gog, xboxone"
Quake II,0.0,"gog, xboxone"
Quake II (Original),0.0,"gog, xboxone"
Quake II RTX,0.0,steam
RIOT - Civil Unrest,0.0,gog
Rage 2,0.0,"epic, xboxone"
Railway Empire,0.0,epic
Rainbow Six Siege,0.0,"steam, xboxone"
Rebel Galaxy Outlaw,0.0,gog
Redemption Reapers,0.0,epic
Redout 2,0.0,epic
Remnant: From the Ashes,0.0,"epic, xboxone"
Republic of Jungle,0.0,epic
Residual,0.0,gog
Rise of Nations: Extended Edition,0.5,"steam, xboxone"
Rise of the Tomb Raider: 20 Year Celebration,0.0,"epic, xboxone"
Rising Storm 2: Vietnam Beta,0.0,epic
Risk: Global Domination,2.2,steam
River City Girls,0.0,epic
Rocket League,1.2,epic
RollerCoaster Tycoon® 3: Complete Edition,0.0,epic
Ryse: Son of Rome,0.0,"steam, xboxone"
SKALD Against the Black Priory,0.0,epic
STALCRAFT: X,0.0,epic
STAR WARS™ Battlefront™ II: Celebration Edition,0.0,epic
STAR WARS™ Galactic Battlegrounds Saga,0.0,gog
STAR WARS™ Jedi Knight: Dark Forces II,0.0,gog
STAR WARS™ Jedi Knight: Dark Forces II - Mysteries of the Sith,0.0,gog
STAR WARS™: Bounty Hunter™,0.0,gog
STAR WARS™: The Old Republic™,0.0,steam
STASIS : BONE TOTEM,0.0,epic
Saints Row,0.0,epic
Saints Row 2,0.0,gog
Saints Row IV: Re-Elected,0.0,gog
Saints Row The Third Remastered,0.0,"epic, gog"
Saints Row: Gat out of Hell,0.0,gog
Samorost 2,0.0,epic
Sands of Aura,0.0,epic
Sapphire Safari,0.0,gog
Scarf,0.0,epic
Scorn,0.0,"gog, xboxone"
Scourgebringer,0.0,epic
Scribble It!,1.4,steam
Second Extinction™,0.0,epic
Sega Genesis Classics,0.1,steam
Serious Sam II,5.5,steam
Session: Skate Sim,0.0,epic
Shadow Tactics: Blades of the Shogun,0.0,epic
Shadow of the Tomb Raider: Definitive Edition,0.0,"epic, xboxone"
Shenmue 3,0.0,epic
Sherlock Holmes Crimes and Punishments,0.0,epic
Sherlock Holmes: The Devil's Daughter,0.0,steam
Shogun Showdown,0.0,gog
Shop Titans,0.0,epic
Sid Meier's Civilization IV®: The Complete Edition,0.0,gog
Sid Meier's Civilization VI,0.1,epic
Sid Meier's Civilization® III Complete,0.0,gog
Siege of Avalon: Anthology,0.0,gog
Sifu,0.8,epic
Sir Whoopass™: Immortal Death,0.0,gog
SkyDrift Infinity,0.0,epic
Snakebird Complete,0.0,epic
Sniper Elite 4,0.0,steam
Sniper Ghost Warrior Contracts,0.0,epic
Solitairica,0.0,epic
Songs of Silence,0.0,epic
Sonic Mania,0.0,epic
Sorry We're Closed,0.0,epic
Soulstice,0.1,epic
Space Hulk: Deathwing - Enhanced Edition,0.0,gog
Speed Brawl,0.0,epic
Spelunky,0.0,gog
Star Stuff,0.0,epic
Star Wars Squadrons,0.0,"epic, xboxone"
Star Wars: Battlefront,0.0,steam
Stardew Valley,2.3,"steam, xboxone"
SteamWorld Quest: Hand of Gilgamech,0.0,gog
Steins;Gate,0.0,steam
Stranded Deep,1.1,"epic, xboxone"
Strange Horticulture,0.0,epic
Stray Gods: The Roleplaying Musical,0.0,gog
Stubbs the Zombie in Rebel Without a Pulse,0.0,"epic, steam"
Styx: Master of Shadows,0.0,gog
Suicide Squad: Kill the Justice League,0.0,epic
Summer's Gone - Season 1,0.0,gog
Summoner,0.2,steam
Super Meat Boy,0.0,epic
Super Meat Boy Forever,0.0,epic
Supermarket Together,0.0,steam
Syberia: The World Before,0.0,"gog, steam"
THIEF: Definitive Edition,0.0,gog
TOEM,0.0,"gog, xboxone"
Tales from the Borderlands,0.0,epic
Tales of Arise,0.0,"steam, xboxone"
Tannenberg,0.0,epic
Tattoo Tycoon,0.0,epic
Teenage Mutant Ninja Turtles: Shredder's Revenge,0.6,"epic, xboxone"
TerraTech,0.0,epic
The Battle of Polytopia,0.0,epic
The Bridge,0.0,epic
The Callisto Protocol,0.0,epic
The Coma: Recut,0.0,gog
The Darkside Detective,0.0,epic
The Darkside Detective A Fumble in the Dark,0.0,epic
The Deed: Dynasty,0.0,steam
The Elder Scrolls III: Morrowind GOTY Edition,0.0,"gog, xboxone"
The Elder Scrolls Online,2.6,"epic, steam, xboxone"
The Elder Scrolls V: Skyrim - Special Edition,199.8,"steam, xboxone"
The Eternal Cylinder,0.0,epic
The Evil Within 2,0.0,"gog, xboxone"
The Gunk,0.0,"gog, xboxone"
The Jackbox Party Pack 4,0.0,epic
The Last Show of Mr. Chardish,0.0,epic
The Last Spell,0.0,gog
The Last Stand: Aftermath,0.0,epic
The Long Dark,0.1,"epic, xboxone"
The Lord of The Rings Return to Moria,0.0,epic
The Outer Worlds: Spacer's Choice Edition,0.0,epic
The Sims™ 4,0.0,"epic, steam, xboxone"
The Smurfs 2 - The Prisoner of the Green Stone,0.0,gog
The Witcher 2: Assassins of Kings Enhanced Edition,0.0,gog
The Wolf Among Us,0.0,steam
Them's Fightin' Herds,0.0,epic
Thief™ 2: The Metal Age,0.0,gog
Thief™ 3: Deadly Shadows,0.0,gog
Thief™ Gold,0.0,gog
Tiny Tina's Assault on Dragon Keep: A Wonderlands One-shot Adventure,0.0,epic
Tiny Tina's Wonderlands,0.0,epic
Titanfall® 2,0.0,"steam, xboxone"
To The Rescue,0.0,epic
Tomb Raider GAME OF THE YEAR EDITION,4.8,"epic, gog, steam"
Tomb Raider I-III Remastered Starring Lara Croft,0.0,gog
Tomb Raider: Anniversary,0.0,gog
Tomb Raider: Chronicles,0.0,gog
Tomb Raider: The Angel of Darkness,0.0,gog
Tomb Raider: The Last Revelation,0.0,gog
Tomb Raider: Underworld,0.0,gog
Total War THREE KINGDOMS,0.0,"epic, xboxone"
Total War: ATTILA,0.0,epic
Total War: PHARAOH DYNASTIES,0.0,epic
Total War: ROME II,0.0,epic
Total War: SHOGUN 2,0.0,steam
Total War: WARHAMMER,0.0,epic
Total War: WARHAMMER II,0.0,epic
Total War: WARHAMMER III,0.0,"epic, xboxone"
Totally Accurate Battlegrounds,0.0,steam
Town of Salem 2,0.1,epic
Trackmania,0.0,epic
Treasure of Nadia,0.0,gog
Trek to Yomi,0.0,"epic, xboxone"
Tropico 5,0.0,epic
Troublemaker,0.0,epic
Tunche,0.0,epic
Turmoil,0.0,epic
Turnip Boy Robs a Bank,0.0,"epic, xboxone"
Two Point Hospital,0.0,epic
Tyranny - Gold Edition,0.0,epic
Ultimate Epic Battle Simulator,0.0,steam
Undercroft Warriors,0.0,steam
VALORANT,3.9,epic
Valheim,0.5,"steam, xboxone"
Vampire Survivors,0.0,"epic, xboxone"
Vampire: The Masquerade - Reckoning of New York,0.0,epic
Vampyr,3.3,epic
Venba,0.0,"gog, xboxone"
Verdun,0.0,epic
Viewfinder,0.0,epic
Wargame: Red Dragon,0.0,epic
"Warhammer 40,000: Gladius - Relics of War",0.0,steam
"Warhammer 40,000: Space Marine 2",2.1,steam
Warhammer: Vermintide 2,0.0,steam
Watch Dogs 2,0.0,"epic, xboxone"
We Were Here,3.9,steam
We Were Here Together,0.0,epic
We Were Here Too,1.4,steam
Weird West,0.0,"epic, xboxone"
Where Winds Meet,0.5,steam
Wild Country,0.0,gog
Wild Terra 2: New Lands,0.3,steam
Wildgate,0.0,epic
Wolfenstein: The New Order,1.1,"epic, gog, xboxone"
World War Z,0.0,"epic, xboxone"
World of Warships,0.0,epic
Worms Rumble,0.0,epic
Worms: Ultimate Mayhem,0.1,steam
XCOM 2,0.0,"epic, gog"
"Yes, Your Grace",0.0,gog
You Will Die Here Tonight,0.0,gog
Zero Hour,0.0,epic
Zombie Army 4 Dead War,0.0,"epic, xboxone"
Zuma Deluxe,0.0,steam
[REDACTED],1.0,epic
art of rally,0.0,epic
duplicate DYNASTY WARRIORS 8: Xtreme Legends Complete Edition,0.7,steam
while True: learn(),0.0,epic
